{
  "contribuyente": {
    "cedula": "44004730",
    "nombre": "GIRALDO GARCIA ELIZABETH",
    "ano": 2024
  },
  "calculos": {
    "total_ingresos": 4926384017.0,
    "deduccion": 492638401.70000005,
    "deduccion_pct": 10,
    "base_liquida": 4433745615.3,
    "irpf": 1460589377.661,
    "aporte_solidario": 36369616.153000005,
    "total_impuesto": 1496958993.8140001,
    "retenciones": 1362514.0,
    "saldo_pagar": 1495596479.8140001,
    "uvt_2025": 49799
  },
  "fecha": "2026-06-27T20:21:14.164319"
}